epoch,step,train_acc,train_loss_epoch,val_acc,val_loss
0,0,,,0.09854497760534286,2.088826894760132
0,0,0.16451111435890198,2.0846402645111084,,
